-- EXECUTE SQL: DROP DATABASE IF EXISTS filter_push_down; --
200 OK


-- EXECUTE SQL: CREATE DATABASE filter_push_down; --
200 OK


-- EXECUTE SQL: CREATE TABLE m0( f0 BIGINT CODEC(DELTA), f1 STRING CODEC(GZIP), f2 BIGINT UNSIGNED CODEC(NULL), f3 BOOLEAN, f4 DOUBLE CODEC(GORILLA), TAGS(t0, t1)); --
200 OK


-- EXECUTE SQL: INSERT m0(TIME, f4, t0) VALUES(1041670293467254361, 0.507623643211476, '916053861'); --
-- AFTER_SORT --
200 OK
rows
1

-- EXECUTE SQL: INSERT m0(TIME, f0) VALUES(2079939785551584142, NULL), (1243152233754651379, 12321); -- 0ms; --
-- AFTER_SORT --
422 Unprocessable Entity
{"error_code":"0100000","error_message":"Error executiong query: Failed to do execute statement, err:Failed to do execution. err: Arrow err: External error: Arrow error: External error: Tskv operator, err: tags or fields can't be empty"}
-- ERROR:  --

-- EXECUTE SQL: INSERT m0(TIME, f1) VALUES(631407052613557553, 'TRUE'), (7486831592909450783, 'TRUE'); -- 0ms; --
-- AFTER_SORT --
422 Unprocessable Entity
{"error_code":"0100000","error_message":"Error executiong query: Failed to do execute statement, err:Failed to do execution. err: Arrow err: External error: Arrow error: External error: Tskv operator, err: tags or fields can't be empty"}
-- ERROR:  --

-- EXECUTE SQL: INSERT m0(TIME, f2) VALUES(5867172425191822176, 888), (3986678807649375642, 999); -- 0ms; --
-- AFTER_SORT --
422 Unprocessable Entity
{"error_code":"0100000","error_message":"Error executiong query: Failed to do execute statement, err:Failed to do execution. err: Arrow err: External error: Arrow error: External error: Tskv operator, err: tags or fields can't be empty"}
-- ERROR:  --

-- EXECUTE SQL: INSERT m0(TIME, f3) VALUES(7488251815539246350, FALSE); -- 0ms; --
-- AFTER_SORT --
422 Unprocessable Entity
{"error_code":"0100000","error_message":"Error executiong query: Failed to do execute statement, err:Failed to do execution. err: Arrow err: External error: Arrow error: External error: Tskv operator, err: tags or fields can't be empty"}
-- ERROR:  --

-- EXECUTE SQL: INSERT m0(TIME, f4) VALUES(5414775681413349294, 1.111); -- 1ms; --
-- AFTER_SORT --
422 Unprocessable Entity
{"error_code":"0100000","error_message":"Error executiong query: Failed to do execute statement, err:Failed to do execution. err: Arrow err: External error: Arrow error: External error: Tskv operator, err: tags or fields can't be empty"}
-- ERROR:  --

-- EXECUTE SQL: INSERT m0(TIME, t0) VALUES(5414775681413349294, 't000'); -- 1ms; --
-- AFTER_SORT --
422 Unprocessable Entity
{"error_code":"0100000","error_message":"Error executiong query: Failed to do execute statement, err:Failed to do execution. err: Arrow err: External error: Arrow error: External error: Tskv operator, err: tags or fields can't be empty"}
-- ERROR:  --

-- EXECUTE SQL: INSERT m0(TIME, t1) VALUES(5414775681413349294, 't111'); -- 1ms; --
-- AFTER_SORT --
422 Unprocessable Entity
{"error_code":"0100000","error_message":"Error executiong query: Failed to do execute statement, err:Failed to do execution. err: Arrow err: External error: Arrow error: External error: Tskv operator, err: tags or fields can't be empty"}
-- ERROR:  --

-- EXECUTE SQL: INSERT m0(TIME, t0, t1, f0, f1, f2, f3, f4) VALUES (1, 'a', 'b', 11, '11', 11, true, 11.11), (2, 'a', 'c', 12, '11', 11, false, 11.11), (3, 'b', 'b', 13, '11', 11, false, 11.11), (4, 'b', 'a', 14, '11', 11, true, 11.11), (5, 'a', 'a', 11, '11', 11, true, 11.11), (6, 'b', 'c', 15, '11', 11, false, 11.11); -- 1ms; --
-- AFTER_SORT --
200 OK
rows
6

-- EXECUTE SQL: select * from m0 order by time, t0, t1, f0; --
-- AFTER_SORT --
200 OK
time,t0,t1,f0,f1,f2,f3,f4
1970-01-01T00:00:00.000000001,a,b,11,11,11,true,11.11
1970-01-01T00:00:00.000000002,a,c,12,11,11,false,11.11
1970-01-01T00:00:00.000000003,b,b,13,11,11,false,11.11
1970-01-01T00:00:00.000000004,b,a,14,11,11,true,11.11
1970-01-01T00:00:00.000000005,a,a,11,11,11,true,11.11
1970-01-01T00:00:00.000000006,b,c,15,11,11,false,11.11
2003-01-04T08:51:33.467254361,916053861,,,,,,0.507623643211476

-- EXECUTE SQL: SELECT ALL * FROM m0 AS M0 WHERE NOT ((('TOk')=(m0.t0))) UNION ALL SELECT ALL * FROM m0 AS M0  WHERE NOT (NOT ((('TOk')=(m0.t0)))) UNION ALL SELECT ALL * FROM m0 AS M0  WHERE (NOT ((('TOk')=(m0.t0)))) IS NULL; --
-- AFTER_SORT --
200 OK
time,t0,t1,f0,f1,f2,f3,f4
1970-01-01T00:00:00.000000001,a,b,11,11,11,true,11.11
1970-01-01T00:00:00.000000002,a,c,12,11,11,false,11.11
1970-01-01T00:00:00.000000003,b,b,13,11,11,false,11.11
1970-01-01T00:00:00.000000004,b,a,14,11,11,true,11.11
1970-01-01T00:00:00.000000005,a,a,11,11,11,true,11.11
1970-01-01T00:00:00.000000006,b,c,15,11,11,false,11.11
2003-01-04T08:51:33.467254361,916053861,,,,,,0.507623643211476

-- EXECUTE SQL: select * from m0 where time = 0; --
-- AFTER_SORT --
200 OK


-- EXECUTE SQL: select * from m0 where time > 3; --
-- AFTER_SORT --
200 OK
time,t0,t1,f0,f1,f2,f3,f4
1970-01-01T00:00:00.000000004,b,a,14,11,11,true,11.11
1970-01-01T00:00:00.000000005,a,a,11,11,11,true,11.11
1970-01-01T00:00:00.000000006,b,c,15,11,11,false,11.11
2003-01-04T08:51:33.467254361,916053861,,,,,,0.507623643211476

-- EXECUTE SQL: select * from m0 where t0 = 'xx'; --
-- AFTER_SORT --
200 OK


-- EXECUTE SQL: select * from m0 where t0 = 'a'; --
-- AFTER_SORT --
200 OK
time,t0,t1,f0,f1,f2,f3,f4
1970-01-01T00:00:00.000000001,a,b,11,11,11,true,11.11
1970-01-01T00:00:00.000000002,a,c,12,11,11,false,11.11
1970-01-01T00:00:00.000000005,a,a,11,11,11,true,11.11

-- EXECUTE SQL: select * from m0 where t0 = 'a' and t1 = 'b'; --
-- AFTER_SORT --
200 OK
time,t0,t1,f0,f1,f2,f3,f4
1970-01-01T00:00:00.000000001,a,b,11,11,11,true,11.11

-- EXECUTE SQL: select * from m0 where t0 = 'a' or t1 = 'b'; --
-- AFTER_SORT --
200 OK
time,t0,t1,f0,f1,f2,f3,f4
1970-01-01T00:00:00.000000001,a,b,11,11,11,true,11.11
1970-01-01T00:00:00.000000002,a,c,12,11,11,false,11.11
1970-01-01T00:00:00.000000003,b,b,13,11,11,false,11.11
1970-01-01T00:00:00.000000005,a,a,11,11,11,true,11.11

-- EXECUTE SQL: select * from m0 where t0 = 'a' and f0 = 11; --
-- AFTER_SORT --
200 OK
time,t0,t1,f0,f1,f2,f3,f4
1970-01-01T00:00:00.000000001,a,b,11,11,11,true,11.11
1970-01-01T00:00:00.000000005,a,a,11,11,11,true,11.11

-- EXECUTE SQL: select * from m0 where t0 = 'a' and f0 > 12; --
-- AFTER_SORT --
200 OK


-- EXECUTE SQL: select * from m0 where t0 = 'a' or f0 = 11; --
-- AFTER_SORT --
200 OK
time,t0,t1,f0,f1,f2,f3,f4
1970-01-01T00:00:00.000000001,a,b,11,11,11,true,11.11
1970-01-01T00:00:00.000000002,a,c,12,11,11,false,11.11
1970-01-01T00:00:00.000000005,a,a,11,11,11,true,11.11

-- EXECUTE SQL: select * from m0 where t0 = 'a' or f0 > 12; --
-- AFTER_SORT --
200 OK
time,t0,t1,f0,f1,f2,f3,f4
1970-01-01T00:00:00.000000001,a,b,11,11,11,true,11.11
1970-01-01T00:00:00.000000002,a,c,12,11,11,false,11.11
1970-01-01T00:00:00.000000003,b,b,13,11,11,false,11.11
1970-01-01T00:00:00.000000004,b,a,14,11,11,true,11.11
1970-01-01T00:00:00.000000005,a,a,11,11,11,true,11.11
1970-01-01T00:00:00.000000006,b,c,15,11,11,false,11.11

-- EXECUTE SQL: select * from m0 where t0 = 'a' and f0 = 11 and time > 3; --
-- AFTER_SORT --
200 OK
time,t0,t1,f0,f1,f2,f3,f4
1970-01-01T00:00:00.000000005,a,a,11,11,11,true,11.11

-- EXECUTE SQL: select * from m0 where t0 = 'a' and f0 = 11 or time > 3; --
-- AFTER_SORT --
200 OK
time,t0,t1,f0,f1,f2,f3,f4
1970-01-01T00:00:00.000000001,a,b,11,11,11,true,11.11
1970-01-01T00:00:00.000000004,b,a,14,11,11,true,11.11
1970-01-01T00:00:00.000000005,a,a,11,11,11,true,11.11
1970-01-01T00:00:00.000000006,b,c,15,11,11,false,11.11
2003-01-04T08:51:33.467254361,916053861,,,,,,0.507623643211476

