include ./setup.slt

query T
desc table ddl_tbl;
----
time TIMESTAMP(NANOSECOND) TIME DEFAULT
t0 STRING TAG DEFAULT
t1 STRING TAG DEFAULT
t2 STRING TAG DEFAULT
f0 BIGINT FIELD DEFAULT
f1 BIGINT FIELD DEFAULT

statement ok
alter table ddl_tbl rename column t0 to t0009;

query T
desc table ddl_tbl;
----
time TIMESTAMP(NANOSECOND) TIME DEFAULT
t0009 STRING TAG DEFAULT
t1 STRING TAG DEFAULT
t2 STRING TAG DEFAULT
f0 BIGINT FIELD DEFAULT
f1 BIGINT FIELD DEFAULT

query T
select * from ddl_tbl order by time, t0009, t1, t2;
----
1999-12-31T00:00:00 tag11 tag21 NULL 111 444
1999-12-31T00:00:00.005 tag12 tag22 NULL 222 444
1999-12-31T00:00:00.010 tag12 tag23 NULL 333 222
1999-12-31T00:00:10.015 tag14 tag24 NULL 444 111
1999-12-31T00:00:10.020 tag14 tag21 NULL 222 555
1999-12-31T00:10:00.025 tag11 tag22 NULL 333 555
1999-12-31T00:10:00.030 tag11 tag23 NULL 444 333
1999-12-31T01:00:00.035 tag14 tag24 NULL 555 222

statement error
alter table ddl_tbl rename column t1 to t0009;

statement ok
alter table ddl_tbl rename column t0009 to t0;

query T
desc table ddl_tbl;
----
time TIMESTAMP(NANOSECOND) TIME DEFAULT
t0 STRING TAG DEFAULT
t1 STRING TAG DEFAULT
t2 STRING TAG DEFAULT
f0 BIGINT FIELD DEFAULT
f1 BIGINT FIELD DEFAULT

query 
select * from ddl_tbl order by time, t0, t1, t2;
----
1999-12-31T00:00:00 tag11 tag21 NULL 111 444
1999-12-31T00:00:00.005 tag12 tag22 NULL 222 444
1999-12-31T00:00:00.010 tag12 tag23 NULL 333 222
1999-12-31T00:00:10.015 tag14 tag24 NULL 444 111
1999-12-31T00:00:10.020 tag14 tag21 NULL 222 555
1999-12-31T00:10:00.025 tag11 tag22 NULL 333 555
1999-12-31T00:10:00.030 tag11 tag23 NULL 444 333
1999-12-31T01:00:00.035 tag14 tag24 NULL 555 222
